simulation,hospitalization_prob,v1_growth_prob,antiv_kill_prob,prudence_parameter,antivesp_young_ratio,antivesp_adult_ratio,incubation_v1,infection_v1,recovered_antivesp,symptoms_progression,score_sum,score_minimax,minimax_year,score_maxmax,maxmax_year,mse_2022,mse_2023,mse_2024,mse_2025
_weekly_simulation_10000_3_10_-1_-1___20260822_173651.csv,0.079076,0.038788,0.002957,0.612331,4,2,18,242,31,706,1.5537999999999996,0.4355999999999999,2022,0.2601,2024,0.4355999999999999,0.4355999999999999,0.2601,0.4224999999999999
_weekly_simulation_10000_3_10_-1_-1___20260822_174007.csv,0.079076,0.038788,0.002957,0.612331,4,2,18,242,31,706,1.5537999999999996,0.4355999999999999,2022,0.2601,2024,0.4355999999999999,0.4355999999999999,0.2601,0.4224999999999999
_weekly_simulation_10000_3_10_-1_-1___20260822_174451.csv,0.079076,0.038788,0.002957,0.612331,4,2,18,242,31,706,1.5537999999999996,0.4355999999999999,2022,0.2601,2024,0.4355999999999999,0.4355999999999999,0.2601,0.4224999999999999
_weekly_simulation_10000_3_10_-1_-1___20261004_165028.csv,0.079076,0.038788,0.002957,0.612331,4,2,18,242,31,706,1.1398,0.32489999999999997,2022,0.17639999999999997,2024,0.32489999999999997,0.32489999999999997,0.17639999999999997,0.31359999999999993
_weekly_simulation_10000_3_10_-1_-1___20261004_165340.csv,0.079076,0.038788,0.002957,0.612331,4,2,18,242,31,706,1.1398,0.32489999999999997,2022,0.17639999999999997,2024,0.32489999999999997,0.32489999999999997,0.17639999999999997,0.31359999999999993
_weekly_simulation_10000_3_365_-1_-1___20261004_165903.csv,0.079076,0.038788,0.002957,0.612331,4,2,18,242,31,706,40.516298076923086,10.181346153846155,2023,10.052332692307695,2022,10.052332692307695,10.181346153846155,10.139225,10.143394230769234
_weekly_simulation_10000_3_365_-1_-1___20261004_174855.csv,0.079076,0.038788,0.002957,0.612331,4,2,18,242,31,706,40.516298076923086,10.181346153846155,2023,10.052332692307695,2022,10.052332692307695,10.181346153846155,10.139225,10.143394230769234
_weekly_simulation_10000_3_365_-1_-1___20261004_185009.csv,0.079076,0.038788,0.002957,0.612331,4,2,18,242,31,706,40.28611346153846,10.12789423076923,2023,9.99963076923077,2022,9.99963076923077,10.12789423076923,10.075815384615385,10.082773076923075
_weekly_simulation_10000_3_365_-1_-1___20261005_160533.csv,0.079076,0.038788,0.002957,0.612331,4,2,18,242,31,706,40.28611346153846,10.12789423076923,2023,9.99963076923077,2022,9.99963076923077,10.12789423076923,10.075815384615385,10.082773076923075
_weekly_simulation_10000_3_365_-1_-1___20261005_172047.csv,0.079076,0.038788,0.002957,0.612331,4,2,18,242,31,706,41.88925961538462,10.533684615384614,2023,10.408144230769231,2022,10.408144230769231,10.533684615384614,10.470367307692309,10.477063461538462
_weekly_simulation_10000_3_365_-1_-1___20261005_184314.csv,0.079076,0.038788,0.002957,0.612331,4,2,18,242,31,706,38.52350576923077,9.673957692307692,2023,9.551259615384616,2022,9.551259615384616,9.673957692307692,9.653082692307693,9.645205769230769
_weekly_simulation_10000_3_365_-1_-1___20261006_172848.csv,0.079076,0.038788,0.002957,0.612331,4,2,18,242,31,706,40.882744230769234,10.28049423076923,2023,10.145884615384615,2022,10.145884615384615,10.28049423076923,10.222015384615386,10.23435
_weekly_simulation_10000_3_365_-1_-1___20261006_181327.csv,0.079076,0.038788,0.002957,0.612331,4,2,18,242,31,706,40.882744230769234,10.28049423076923,2023,10.145884615384615,2022,10.145884615384615,10.28049423076923,10.222015384615386,10.23435
_weekly_simulation_10000_3_365_-1_-1___20261006_183757.csv,0.079076,0.038788,0.002957,0.612331,4,2,18,242,31,706,40.46879038461539,10.172251923076924,2023,10.037261538461538,2022,10.037261538461538,10.172251923076924,10.125715384615386,10.133561538461539
_weekly_simulation_10000_3_365_-1_-1___20261009_125239.csv,0.079076,0.038788,0.002957,0.612331,4,2,18,242,31,706,41.96429038461538,10.556640384615386,2023,10.418923076923079,2022,10.418923076923079,10.556640384615386,10.487126923076923,10.5016
_weekly_simulation_10000_3_365_-1_-1___20261009_135035.csv,0.079076,0.038788,0.002957,0.612331,4,2,18,242,31,706,40.46879038461539,10.172251923076924,2023,10.037261538461538,2022,10.037261538461538,10.172251923076924,10.125715384615386,10.133561538461539
