Week,Variation of Infected,Prevalence,Deaths,Seconds,classS,classE,classI,classT3,classT4,classR,Variation of Infected (%)
1,72,67.85714285714286,0,16.41,9931.57142857143,27.857142857142858,37.857142857142854,2.0,0.0,0.7142857142857143,0.72
2,88,133.71428571428572,0,17.08,9849.57142857143,38.142857142857146,84.71428571428571,8.428571428571429,2.2857142857142856,16.857142857142858,0.88
3,168,233.71428571428572,0,20.32,9718.42857142857,71.42857142857143,138.42857142857142,21.857142857142858,1.8571428571428572,48.0,1.68
4,253,377.0,1,22.94,9511.0,107.71428571428571,235.57142857142858,29.285714285714285,3.857142857142857,112.42857142857143,2.53
5,391,598.5714285714286,1,28.66,9182.142857142857,170.85714285714286,368.42857142857144,56.142857142857146,2.5714285714285716,218.85714285714286,3.91
6,582,923.0,2,38.3,8681.285714285714,258.85714285714283,578.0,79.71428571428571,5.571428571428571,395.2857142857143,5.82
7,886,1396.4285714285713,2,55.47,7930.428571428572,384.85714285714283,872.5714285714286,129.42857142857142,8.0,672.7142857142857,8.86
8,1081,1970.2857142857142,3,93.88,6935.285714285715,492.85714285714283,1259.4285714285713,196.57142857142858,18.714285714285715,1094.857142857143,10.81
9,1141,2462.1428571428573,4,100.89,5807.571428571428,531.7142857142857,1642.5714285714287,256.42857142857144,27.428571428571427,1731.0,11.41
10,1039,2692.285714285714,4,170.57,4724.571428571428,494.2857142857143,1854.0,309.42857142857144,30.285714285714285,2583.4285714285716,10.39
11,827,2563.4285714285716,5,233.74,3799.714285714286,408.57142857142856,1767.0,348.42857142857144,34.142857142857146,3637.5714285714284,8.27
12,593,2130.0,7,206.3,3111.285714285714,298.14285714285717,1502.7142857142858,292.42857142857144,31.571428571428573,4757.571428571428,5.93
13,386,1606.2857142857142,8,168.3,2625.0,205.85714285714286,1159.2857142857142,221.57142857142858,15.571428571428571,5765.428571428572,3.8600000000000003
14,238,1097.2857142857142,8,115.42,2324.5714285714284,125.0,788.5714285714286,163.85714285714286,16.714285714285715,6573.285714285715,2.3800000000000003
15,131,690.2857142857143,8,61.87,2154.1428571428573,68.71428571428571,496.14285714285717,118.0,5.428571428571429,7149.571428571428,1.31
16,71,404.7142857142857,8,46.3,2058.4285714285716,39.714285714285715,288.0,69.14285714285714,5.428571428571429,7531.285714285715,0.7100000000000001
17,53,231.85714285714286,8,43.04,1995.2857142857142,26.857142857142858,161.85714285714286,34.857142857142854,7.428571428571429,7765.714285714285,0.53
18,20,146.42857142857142,8,37.58,1957.0,15.0,106.0,23.428571428571427,1.8571428571428572,7888.714285714285,0.2
19,15,76.85714285714286,9,56.78,1941.5714285714287,7.571428571428571,55.285714285714285,13.714285714285714,0.2857142857142857,7973.428571428572,0.15
20,6,36.714285714285715,9,45.38,1932.2857142857142,3.2857142857142856,28.0,4.0,1.2857142857142858,8022.142857142857,0.06
21,4,21.142857142857142,9,36.35,1926.5714285714287,2.2857142857142856,15.285714285714286,3.4285714285714284,0.14285714285714285,8043.285714285715,0.04
22,3,14.285714285714286,9,16.93,1923.4285714285713,1.4285714285714286,9.571428571428571,2.857142857142857,0.42857142857142855,8053.285714285715,0.03
23,1,7.428571428571429,9,16.73,1921.7142857142858,0.7142857142857143,5.571428571428571,0.42857142857142855,0.7142857142857143,8061.857142857143,0.01
24,1,4.428571428571429,9,16.38,1920.7142857142858,0.42857142857142855,3.857142857142857,0.14285714285714285,0.0,8065.857142857143,0.01
25,1,2.857142857142857,9,15.48,1919.0,0.7142857142857143,2.142857142857143,0.0,0.0,8069.142857142857,0.01
26,0,1.8571428571428572,9,17.36,1919.0,0.0,1.7142857142857142,0.14285714285714285,0.0,8070.142857142857,0.0
27,0,0.8571428571428571,9,18.21,1919.0,0.0,0.0,0.8571428571428571,0.0,8071.142857142857,0.0
28,0,0.0,9,16.34,1919.0,0.0,0.0,0.0,0.0,8072.0,0.0
29,0,0.0,9,25.83,1919.0,0.0,0.0,0.0,0.0,8072.0,0.0
30,0,0.0,9,28.15,1919.0,0.0,0.0,0.0,0.0,8072.0,0.0
31,0,0.0,9,29.31,1919.0,0.0,0.0,0.0,0.0,8072.0,0.0
32,0,0.0,9,28.62,1919.0,0.0,0.0,0.0,0.0,8072.0,0.0
33,0,0.0,9,28.43,1919.0,0.0,0.0,0.0,0.0,8072.0,0.0
34,0,0.0,9,29.060000000000002,1919.0,0.0,0.0,0.0,0.0,8072.0,0.0
35,0,0.0,9,29.029999999999998,1919.0,0.0,0.0,0.0,0.0,8072.0,0.0
36,0,0.0,9,30.02,1919.0,0.0,0.0,0.0,0.0,8072.0,0.0
37,0,0.0,9,29.25,1919.0,0.0,0.0,0.0,0.0,8072.0,0.0
38,0,0.0,9,29.76,1919.0,0.0,0.0,0.0,0.0,8072.0,0.0
39,0,0.0,9,30.09,1919.0,0.0,0.0,0.0,0.0,8072.0,0.0
40,0,0.0,9,30.07,1919.0,0.0,0.0,0.0,0.0,8072.0,0.0
41,0,0.0,9,30.18,1919.0,0.0,0.0,0.0,0.0,8072.0,0.0
42,0,0.0,9,29.73,1919.0,0.0,0.0,0.0,0.0,8072.0,0.0
43,0,0.0,9,30.24,1919.0,0.0,0.0,0.0,0.0,8072.0,0.0
44,0,0.0,9,30.15,1919.0,0.0,0.0,0.0,0.0,8072.0,0.0
45,0,0.0,9,30.77,1919.0,0.0,0.0,0.0,0.0,8072.0,0.0
46,0,0.0,9,30.32,1919.0,0.0,0.0,0.0,0.0,8072.0,0.0
47,0,0.0,9,29.86,1919.0,0.0,0.0,0.0,0.0,8072.0,0.0
48,0,0.0,9,30.37,1919.0,0.0,0.0,0.0,0.0,8072.0,0.0
49,0,0.0,9,30.71,1919.0,0.0,0.0,0.0,0.0,8072.0,0.0
50,0,0.0,9,30.54,1919.0,0.0,0.0,0.0,0.0,8072.0,0.0
51,0,0.0,9,31.09,1919.0,0.0,0.0,0.0,0.0,8072.0,0.0
52,0,0.0,9,26.53,1919.0,0.0,0.0,0.0,0.0,8072.0,0.0
