Day,Variation of Infected,Prevalence,Deaths,Seconds,classS,classE,classI,classT3,classT4,classR
1,440,1436,0,36.71,23564,440,996,0,0,0
2,362,1798,1,37.62,23201,803,975,20,0,0
3,136,1934,1,43.48,23065,939,931,63,1,0
4,129,2063,1,42.98,22936,1066,900,95,2,0
5,96,2159,1,42.94,22840,1060,963,131,5,0
6,243,2402,1,17.7,22595,943,1301,149,8,3
7,251,2653,1,20.09,22304,940,1518,180,12,45
8,150,2803,1,52.29,22097,989,1589,208,17,99
9,86,2889,1,53.19,21959,998,1627,240,22,153
10,93,2982,1,50.27,21818,989,1713,258,21,200
11,118,3100,1,51.03,21645,898,1902,282,18,254
12,134,3234,1,51.88,21444,849,2066,292,27,321
13,102,3336,1,30.26,21220,883,2115,311,24,446
14,46,3382,1,31.2,21025,931,2086,334,25,598
15,-15,3367,1,54.2,20889,913,2070,353,27,747
16,60,3427,1,54.18,20725,905,2112,377,31,849
17,78,3505,1,57.42,20555,848,2223,402,30,941
18,69,3574,1,63.23,20391,811,2295,432,32,1038
19,86,3660,2,59.43,20202,817,2366,434,41,1138
20,108,3768,2,37.6,19992,879,2387,451,45,1244
21,106,3874,4,39.6,19756,958,2410,461,44,1367
22,26,3900,4,63.46,19598,954,2431,468,44,1501
23,49,3949,4,66.07,19422,950,2491,460,44,1629
24,58,4007,4,65.95,19242,937,2553,466,49,1749
25,47,4054,4,71.01,19048,918,2612,471,51,1896
26,50,4104,6,80.51,18839,910,2658,484,47,2056
27,99,4203,6,45.64,18589,996,2655,511,40,2203
28,96,4299,7,54.87,18354,1061,2669,516,50,2343
29,-7,4292,8,90.38,18192,1051,2664,526,46,2513
30,38,4330,9,74.93,18021,1013,2717,550,46,2644
31,-15,4315,9,74.46,17841,983,2728,548,47,2844
32,-17,4298,9,71.96,17670,890,2812,543,44,3032
33,-21,4277,11,68.63,17494,857,2848,525,43,3222
34,31,4308,11,47.13,17274,902,2814,541,47,3411
35,28,4336,12,47.15,17073,935,2811,541,44,3584
36,-45,4291,12,76.86,16904,921,2801,523,42,3797
37,-36,4255,12,74.04,16734,919,2774,520,38,4003
38,-51,4204,12,74.18,16572,888,2757,515,39,4217
39,-29,4175,12,68.46,16404,846,2764,519,36,4419
40,-40,4135,12,68.15,16231,836,2724,538,32,4627
41,-3,4132,12,45.75,16027,876,2664,547,39,4835
42,-26,4106,12,29.18,15859,876,2650,534,41,5028
43,-56,4050,12,46.02,15710,853,2630,521,40,5234
44,-88,3962,14,46.59,15569,831,2585,493,46,5462
45,-49,3913,14,44.44,15418,793,2587,478,48,5662
46,-57,3856,14,57.35,15255,769,2571,459,47,5885
47,-58,3798,14,72.67,15100,749,2517,483,45,6092
48,32,3830,14,48.56,14885,827,2475,476,47,6276
49,-37,3793,15,50.22,14728,832,2440,471,47,6467
50,-41,3752,15,68.74,14604,794,2448,457,49,6633
51,-43,3709,15,71.39,14467,783,2409,464,48,6814
52,-55,3654,15,73.32,14346,729,2403,470,46,6991
53,-35,3619,15,62.64,14221,666,2413,496,42,7147
54,-70,3549,15,61.52,14095,627,2382,488,48,7345
55,13,3562,16,38.66,13898,687,2341,478,49,7531
56,-1,3561,16,38.53,13728,724,2311,472,51,7698
57,-92,3469,16,44.72,13641,704,2234,477,49,7879
58,-30,3439,17,44.55,13520,692,2232,460,51,8028
59,-54,3385,17,30.92,13406,657,2231,443,52,8194
60,-82,3303,17,30.93,13296,583,2250,418,45,8391
61,-53,3250,17,38.23,13169,572,2229,411,36,8566
62,-40,3210,17,21.87,13040,588,2177,407,34,8737
63,-22,3188,17,21.2,12904,605,2143,405,30,8896
64,-85,3103,17,37.68,12818,586,2097,385,31,9066
65,-72,3031,17,36.42,12730,560,2052,379,33,9229
66,-94,2937,17,33.31,12635,528,1988,383,31,9418
67,-68,2869,17,27.85,12543,482,1955,393,32,9578
68,-83,2786,17,35.69,12459,444,1927,380,32,9741
69,-24,2762,17,19.3,12323,488,1882,354,36,9900
70,-36,2726,17,17.65,12209,520,1821,350,33,10050
71,-67,2659,17,34.89,12129,512,1767,340,30,10205
72,-83,2576,17,34.45,12060,491,1711,339,31,10351
73,-59,2517,17,34.19,11973,469,1669,342,30,10500
74,-62,2455,17,35.18,11889,424,1676,323,30,10641
75,-52,2403,17,30.83,11804,407,1645,316,31,10780
76,-6,2397,17,13.16,11686,443,1605,315,32,10902
77,-15,2382,17,12.55,11577,478,1552,306,40,11030
78,-58,2324,17,24.89,11500,470,1509,303,38,11163
79,-55,2269,17,24.67,11430,457,1471,296,40,11289
80,-71,2198,17,24.53,11363,421,1452,278,43,11426
81,-86,2112,17,24.6,11298,391,1401,280,40,11573
82,-62,2050,17,27.7,11241,347,1391,274,35,11695
83,-6,2044,17,11.51,11155,347,1373,293,28,11787
84,-31,2013,17,11.63,11065,369,1335,277,29,11908
85,-74,1939,18,30.91,11021,341,1289,283,23,12025
86,-71,1868,18,30.44,10971,332,1237,279,19,12144
87,-67,1801,18,29.84,10924,303,1200,272,19,12264
88,-50,1751,18,30.06,10874,268,1201,261,17,12361
89,-69,1682,18,29.66,10826,240,1162,257,17,12480
90,-38,1644,18,12.37,10760,250,1132,241,17,12582
91,-30,1614,18,12.07,10690,283,1070,243,16,12680
92,-46,1568,18,29.16,10650,268,1048,234,17,12765
93,-40,1528,18,29.02,10609,261,1017,228,19,12848
94,-67,1461,19,22.64,10567,248,974,215,21,12956
95,-56,1405,19,28.24,10528,221,965,197,19,13051
96,-80,1325,20,27.6,10494,198,920,187,14,13167
97,-26,1299,20,9.96,10443,210,875,189,23,13240
98,-20,1279,21,9.92,10385,220,854,182,21,13317
99,-61,1218,21,22.94,10357,211,806,176,18,13411
100,-52,1166,22,19.83,10328,198,779,169,16,13488
101,-33,1133,22,19.91,10279,216,726,177,13,13567
102,-29,1104,22,19.94,10252,189,725,176,14,13622
103,-44,1060,22,21.5,10228,161,704,178,15,13692
104,-32,1028,22,6.74,10184,173,677,164,12,13768
105,-25,1003,22,6.58,10159,166,670,158,9,13816
106,-29,974,22,18.81,10130,148,662,149,14,13875
107,-26,948,22,18.58,10105,146,632,156,14,13925
108,-48,900,22,18.78,10090,134,605,146,14,13989
109,-32,868,22,18.25,10058,131,583,135,16,14055
110,-52,816,22,18.5,10043,109,571,121,14,14120
111,-20,796,22,5.45,10006,128,550,106,11,14177
112,-24,772,22,5.63,9971,139,529,95,8,14236
113,-32,740,22,17.77,9958,128,517,86,8,14281
114,-18,722,22,18.08,9938,119,508,87,8,14318
115,-29,693,22,17.72,9919,117,475,92,8,14367
116,-25,668,22,18.17,9904,98,475,85,8,14408
117,-26,642,22,17.74,9887,89,455,85,12,14450
118,-23,619,22,5.24,9865,92,439,72,12,14498
119,-12,607,22,4.89,9837,101,423,69,14,14534
120,-21,586,22,17.62,9826,92,413,68,12,14567
121,-20,566,22,17.01,9810,91,395,66,14,14602
122,-25,541,22,17.16,9794,91,372,63,15,14643
123,-19,522,22,17.37,9779,83,363,66,10,14677
124,-23,499,22,17.19,9767,73,352,62,10,14714
125,-6,493,22,4.56,9748,76,338,70,9,14737
126,0,493,22,4.37,9721,86,332,65,10,14764
127,-31,462,22,17.41,9717,73,319,60,10,14799
128,-27,435,22,17.57,9708,71,292,60,10,14837
129,-18,417,22,51.38,9696,72,279,58,8,14865
130,-16,401,22,40.08,9687,59,277,59,6,14890
131,-8,393,22,37.22,9677,49,279,58,5,14910
132,-14,379,22,5.0,9659,58,261,56,4,14940
133,-16,363,22,4.78,9649,56,248,54,4,14967
134,-22,341,22,35.23,9643,54,232,51,3,14995
135,-11,330,22,30.69,9633,51,226,48,3,15017
136,-18,312,22,36.81,9627,51,214,44,2,15040
137,-6,306,22,35.12,9615,42,224,38,2,15057
138,-17,289,22,37.75,9610,39,207,40,2,15080
139,-13,276,22,5.3,9605,38,191,42,5,15097
140,-17,259,22,4.3,9600,37,176,41,4,15120
141,-11,248,22,26.72,9592,34,169,42,3,15138
142,-11,237,22,28.03,9589,25,167,41,3,15153
143,-12,225,22,29.91,9581,29,152,40,3,15173
144,-11,214,22,29.22,9576,28,142,42,2,15188
145,-4,210,22,29.59,9568,30,136,41,3,15200
146,-6,204,22,4.48,9560,31,127,44,2,15214
147,-10,194,22,4.47,9555,31,123,39,1,15229
148,-7,187,22,26.5,9547,34,116,34,2,15245
149,-14,173,22,19.5,9545,33,104,32,3,15261
150,-12,161,22,19.6,9544,24,105,29,3,15273
151,-5,156,22,19.49,9538,22,108,23,3,15284
152,-12,144,22,19.68,9537,19,101,22,2,15297
153,-4,140,22,3.63,9530,19,95,25,1,15308
154,-9,131,22,3.36,9527,18,90,22,0,15321
155,-10,121,22,19.64,9525,17,87,16,1,15332
156,-9,112,22,20.42,9524,15,79,16,1,15343
157,-4,108,22,19.48,9523,13,77,17,1,15347
158,-6,102,22,19.74,9521,8,79,12,3,15355
159,-3,99,22,19.28,9520,7,76,13,3,15359
160,-3,96,22,3.34,9518,7,76,11,2,15364
161,-5,91,22,3.2,9516,8,70,13,0,15371
162,-7,84,22,19.28,9516,7,61,15,0,15379
163,-7,77,22,17.83,9516,6,59,12,0,15385
164,-5,72,22,17.09,9515,4,55,13,0,15391
165,3,75,22,16.9,9510,8,55,10,1,15394
166,-8,67,22,17.31,9510,6,52,8,1,15401
167,-1,66,22,3.02,9507,9,45,11,1,15405
168,-4,62,22,2.87,9504,11,41,9,1,15412
169,0,62,22,17.59,9503,9,43,9,1,15413
170,-4,58,22,17.29,9500,10,38,9,1,15420
171,-2,56,22,17.96,9497,12,34,9,1,15425
172,-6,50,22,16.97,9495,12,29,8,1,15433
173,1,51,22,16.86,9493,11,30,8,1,15435
174,0,51,22,3.29,9490,11,32,7,1,15437
175,1,52,22,2.92,9487,12,34,6,0,15439
176,0,52,22,17.9,9484,11,34,7,0,15442
177,2,54,22,18.23,9481,14,33,7,0,15443
178,-2,52,22,17.71,9480,14,31,7,0,15446
179,2,54,22,18.01,9476,15,32,7,0,15448
180,-1,53,22,17.39,9476,11,34,8,0,15449
181,0,53,22,3.05,9474,11,32,9,1,15451
182,-1,52,22,3.08,9472,9,34,8,1,15454
183,-3,49,22,17.54,9471,8,35,5,1,15458
184,0,49,22,18.59,9469,7,35,6,1,15460
185,-3,46,22,18.44,9469,7,33,5,1,15463
186,0,46,22,17.02,9468,8,31,6,1,15464
187,-5,41,22,17.46,9468,3,30,6,2,15469
188,0,41,22,2.8,9466,5,30,5,1,15471
189,-2,39,22,2.96,9465,4,26,8,1,15474
190,-3,36,22,17.83,9465,3,27,5,1,15477
191,-3,33,22,17.59,9465,3,24,5,1,15480
192,-1,32,22,18.42,9465,3,23,5,1,15481
193,0,32,22,17.24,9463,3,24,4,1,15483
194,-3,29,22,17.04,9463,2,22,5,0,15486
195,-2,27,22,2.95,9463,2,21,4,0,15488
196,0,27,22,2.98,9462,3,21,2,1,15489
197,-1,26,22,19.09,9462,3,18,4,1,15490
198,-2,24,22,17.56,9462,1,18,5,0,15492
199,-2,22,22,18.07,9462,1,17,4,0,15494
200,-2,20,22,17.28,9462,1,16,3,0,15496
201,-2,18,22,17.09,9461,1,16,1,0,15499
202,-3,15,22,3.08,9460,2,12,1,0,15503
203,-2,13,22,3.06,9460,2,10,1,0,15505
204,-1,12,22,17.68,9460,2,9,1,0,15506
205,-2,10,22,17.96,9460,2,8,0,0,15508
206,-2,8,22,17.28,9460,1,7,0,0,15510
207,0,8,22,17.6,9460,0,8,0,0,15510
208,0,8,22,17.94,9460,0,8,0,0,15510
209,-2,6,22,2.78,9460,0,6,0,0,15512
210,0,6,22,2.55,9460,0,6,0,0,15512
211,-1,5,22,16.92,9460,0,5,0,0,15513
212,-1,4,22,17.4,9460,0,4,0,0,15514
213,-1,3,22,17.06,9460,0,3,0,0,15515
214,0,3,22,17.46,9460,0,3,0,0,15515
215,-1,2,22,17.45,9460,0,2,0,0,15516
216,0,2,22,3.38,9460,0,2,0,0,15516
217,-1,1,22,2.92,9460,0,1,0,0,15517
218,0,1,22,17.74,9460,0,1,0,0,15517
219,0,1,22,17.15,9460,0,1,0,0,15517
220,-1,0,22,17.94,9460,0,0,0,0,15518
221,0,0,22,18.73,9460,0,0,0,0,15518
222,0,0,22,18.23,9460,0,0,0,0,15518
223,0,0,22,2.51,9460,0,0,0,0,15518
224,0,0,22,3.21,9460,0,0,0,0,15518
225,0,0,22,17.79,9460,0,0,0,0,15518
226,0,0,22,17.02,9460,0,0,0,0,15518
227,0,0,22,18.23,9460,0,0,0,0,15518
228,0,0,22,17.14,9460,0,0,0,0,15518
229,0,0,22,16.69,9460,0,0,0,0,15518
230,0,0,22,2.79,9460,0,0,0,0,15518
231,0,0,22,2.95,9460,0,0,0,0,15518
232,0,0,22,17.16,9460,0,0,0,0,15518
233,0,0,22,17.63,9460,0,0,0,0,15518
234,0,0,22,18.01,9460,0,0,0,0,15518
235,0,0,22,17.45,9460,0,0,0,0,15518
236,0,0,22,17.75,9460,0,0,0,0,15518
237,0,0,22,2.77,9460,0,0,0,0,15518
238,0,0,22,3.02,9460,0,0,0,0,15518
239,0,0,22,17.07,9460,0,0,0,0,15518
240,0,0,22,17.09,9460,0,0,0,0,15518
241,0,0,22,17.54,9460,0,0,0,0,15518
242,0,0,22,18.31,9460,0,0,0,0,15518
243,0,0,22,17.63,9460,0,0,0,0,15518
244,0,0,22,2.53,9460,0,0,0,0,15518
245,0,0,22,2.85,9460,0,0,0,0,15518
246,0,0,22,17.75,9460,0,0,0,0,15518
247,0,0,22,18.34,9460,0,0,0,0,15518
248,0,0,22,16.92,9460,0,0,0,0,15518
249,0,0,22,18.04,9460,0,0,0,0,15518
250,0,0,22,19.66,9460,0,0,0,0,15518
251,0,0,22,3.06,9460,0,0,0,0,15518
252,0,0,22,3.14,9460,0,0,0,0,15518
253,0,0,22,22.38,9460,0,0,0,0,15518
254,0,0,22,23.48,9460,0,0,0,0,15518
255,0,0,22,26.39,9460,0,0,0,0,15518
256,0,0,22,25.0,9460,0,0,0,0,15518
257,0,0,22,25.17,9460,0,0,0,0,15518
258,0,0,22,3.02,9460,0,0,0,0,15518
259,0,0,22,3.04,9460,0,0,0,0,15518
260,0,0,22,18.2,9460,0,0,0,0,15518
261,0,0,22,17.62,9460,0,0,0,0,15518
262,0,0,22,18.23,9460,0,0,0,0,15518
263,0,0,22,19.22,9460,0,0,0,0,15518
264,0,0,22,18.17,9460,0,0,0,0,15518
265,0,0,22,3.19,9460,0,0,0,0,15518
266,0,0,22,2.9,9460,0,0,0,0,15518
267,0,0,22,17.73,9460,0,0,0,0,15518
268,0,0,22,18.53,9460,0,0,0,0,15518
269,0,0,22,18.21,9460,0,0,0,0,15518
270,0,0,22,18.69,9460,0,0,0,0,15518
271,0,0,22,17.3,9460,0,0,0,0,15518
272,0,0,22,2.62,9460,0,0,0,0,15518
273,0,0,22,3.54,9460,0,0,0,0,15518
274,0,0,22,32.85,9460,0,0,0,0,15518
275,0,0,22,34.55,9460,0,0,0,0,15518
276,0,0,22,93.74,9460,0,0,0,0,15518
277,0,0,22,65.4,9460,0,0,0,0,15518
278,0,0,22,91.66,9460,0,0,0,0,15518
279,0,0,22,5.21,9460,0,0,0,0,15518
280,0,0,22,5.96,9460,0,0,0,0,15518
281,0,0,22,82.43,9460,0,0,0,0,15518
282,0,0,22,71.21,9460,0,0,0,0,15518
283,0,0,22,92.17,9460,0,0,0,0,15518
284,0,0,22,74.01,9460,0,0,0,0,15518
285,0,0,22,91.65,9460,0,0,0,0,15518
286,0,0,22,7.72,9460,0,0,0,0,15518
287,0,0,22,7.21,9460,0,0,0,0,15518
288,0,0,22,97.4,9460,0,0,0,0,15518
289,0,0,22,93.91,9460,0,0,0,0,15518
290,0,0,22,100.91,9460,0,0,0,0,15518
291,0,0,22,120.75,9460,0,0,0,0,15518
292,0,0,22,97.74,9460,0,0,0,0,15518
293,0,0,22,11.6,9460,0,0,0,0,15518
294,0,0,22,8.1,9460,0,0,0,0,15518
295,0,0,22,102.64,9460,0,0,0,0,15518
296,0,0,22,87.17,9460,0,0,0,0,15518
297,0,0,22,88.76,9460,0,0,0,0,15518
298,0,0,22,84.49,9460,0,0,0,0,15518
299,0,0,22,85.88,9460,0,0,0,0,15518
300,0,0,22,7.86,9460,0,0,0,0,15518
301,0,0,22,7.94,9460,0,0,0,0,15518
302,0,0,22,84.72,9460,0,0,0,0,15518
303,0,0,22,85.8,9460,0,0,0,0,15518
304,0,0,22,83.01,9460,0,0,0,0,15518
305,0,0,22,81.81,9460,0,0,0,0,15518
306,0,0,22,86.25,9460,0,0,0,0,15518
307,0,0,22,6.53,9460,0,0,0,0,15518
308,0,0,22,7.7,9460,0,0,0,0,15518
309,0,0,22,81.57,9460,0,0,0,0,15518
310,0,0,22,122.49,9460,0,0,0,0,15518
311,0,0,22,114.68,9460,0,0,0,0,15518
312,0,0,22,94.07,9460,0,0,0,0,15518
313,0,0,22,129.68,9460,0,0,0,0,15518
314,0,0,22,8.23,9460,0,0,0,0,15518
315,0,0,22,6.74,9460,0,0,0,0,15518
316,0,0,22,84.77,9460,0,0,0,0,15518
317,0,0,22,18.06,9460,0,0,0,0,15518
318,0,0,22,18.56,9460,0,0,0,0,15518
319,0,0,22,17.69,9460,0,0,0,0,15518
320,0,0,22,17.83,9460,0,0,0,0,15518
321,0,0,22,2.88,9460,0,0,0,0,15518
322,0,0,22,2.68,9460,0,0,0,0,15518
323,0,0,22,17.83,9460,0,0,0,0,15518
324,0,0,22,18.5,9460,0,0,0,0,15518
325,0,0,22,18.05,9460,0,0,0,0,15518
326,0,0,22,17.19,9460,0,0,0,0,15518
327,0,0,22,17.64,9460,0,0,0,0,15518
328,0,0,22,2.88,9460,0,0,0,0,15518
329,0,0,22,2.96,9460,0,0,0,0,15518
330,0,0,22,19.23,9460,0,0,0,0,15518
331,0,0,22,18.05,9460,0,0,0,0,15518
332,0,0,22,18.19,9460,0,0,0,0,15518
333,0,0,22,18.1,9460,0,0,0,0,15518
334,0,0,22,17.17,9460,0,0,0,0,15518
335,0,0,22,2.86,9460,0,0,0,0,15518
336,0,0,22,2.66,9460,0,0,0,0,15518
337,0,0,22,17.58,9460,0,0,0,0,15518
338,0,0,22,17.97,9460,0,0,0,0,15518
339,0,0,22,17.83,9460,0,0,0,0,15518
340,0,0,22,17.24,9460,0,0,0,0,15518
341,0,0,22,17.56,9460,0,0,0,0,15518
342,0,0,22,2.75,9460,0,0,0,0,15518
343,0,0,22,2.86,9460,0,0,0,0,15518
344,0,0,22,18.78,9460,0,0,0,0,15518
345,0,0,22,17.71,9460,0,0,0,0,15518
346,0,0,22,17.08,9460,0,0,0,0,15518
347,0,0,22,17.72,9460,0,0,0,0,15518
348,0,0,22,17.46,9460,0,0,0,0,15518
349,0,0,22,2.71,9460,0,0,0,0,15518
350,0,0,22,2.94,9460,0,0,0,0,15518
351,0,0,22,17.22,9460,0,0,0,0,15518
352,0,0,22,17.62,9460,0,0,0,0,15518
353,0,0,22,18.07,9460,0,0,0,0,15518
354,0,0,22,18.57,9460,0,0,0,0,15518
355,0,0,22,17.59,9460,0,0,0,0,15518
356,0,0,22,2.6,9460,0,0,0,0,15518
357,0,0,22,2.95,9460,0,0,0,0,15518
358,0,0,22,17.49,9460,0,0,0,0,15518
359,0,0,22,18.0,9460,0,0,0,0,15518
360,0,0,22,18.12,9460,0,0,0,0,15518
361,0,0,22,18.06,9460,0,0,0,0,15518
362,0,0,22,18.36,9460,0,0,0,0,15518
363,0,0,22,2.87,9460,0,0,0,0,15518
364,0,0,22,2.64,9460,0,0,0,0,15518
365,0,0,22,18.47,9460,0,0,0,0,15518
